"id","SR_Code","D_Code","TS_Code","TS_Name","TS_Name_MMR","modifiled_by","modifiled_on","active","created_at","updated_at"
"1","MMR001","MMR001D001","MMR001001","Myitkyina","မြစ်ကြီးနား",NULL,NULL,"1","2022-09-22 11:23:00","2022-09-22 11:23:00"
"2","MMR001","MMR001D001","MMR001002","Waingmaw","ဝိုင်းမော်",NULL,NULL,"1","2022-09-22 11:23:00","2022-09-22 11:23:00"
"3","MMR001","MMR001D001","MMR001003","Injangyang","အင်ဂျန်းယန်",NULL,NULL,"1","2022-09-22 11:23:00","2022-09-22 11:23:00"
"4","MMR001","MMR001D001","MMR001004","Tanai","တနိုင်း",NULL,NULL,"1","2022-09-22 11:23:00","2022-09-22 11:23:00"
"5","MMR001","MMR001D001","MMR001005","Chipwi","ချီ​ဖွေ",NULL,NULL,"1","2022-09-22 11:23:00","2022-09-22 11:23:00"
"6","MMR001","MMR001D001","MMR001006","Tsawlaw","ဆော့လော်",NULL,NULL,"1","2022-09-22 11:23:00","2022-09-22 11:23:00"
"7","MMR001","MMR001D002","MMR001007","Mohnyin","မိုးညှင်း",NULL,NULL,"1","2022-09-22 11:23:00","2022-09-22 11:23:00"
"8","MMR001","MMR001D002","MMR001008","Mogaung","မိုးကောင်း",NULL,NULL,"1","2022-09-22 11:23:00","2022-09-22 11:23:00"
"9","MMR001","MMR001D002","MMR001009","Hpakant","ဖားကန့်",NULL,NULL,"1","2022-09-22 11:23:00","2022-09-22 11:23:00"
"10","MMR001","MMR001D003","MMR001010","Bhamo","ဗန်းမော်",NULL,NULL,"1","2022-09-22 11:23:00","2022-09-22 11:23:00"
"11","MMR001","MMR001D003","MMR001011","Shwegu","ရွှေကူ",NULL,NULL,"1","2022-09-22 11:23:00","2022-09-22 11:23:00"
"12","MMR001","MMR001D003","MMR001012","Momauk","မိုးမောက်",NULL,NULL,"1","2022-09-22 11:23:00","2022-09-22 11:23:00"
"13","MMR001","MMR001D003","MMR001013","Mansi","မံစီ",NULL,NULL,"1","2022-09-22 11:23:00","2022-09-22 11:23:00"
"14","MMR001","MMR001D004","MMR001014","Puta-O","ပူတာအို",NULL,NULL,"1","2022-09-22 11:23:00","2022-09-22 11:23:00"
"15","MMR001","MMR001D004","MMR001015","Sumprabum","ဆွမ်ပရာဘွမ်",NULL,NULL,"1","2022-09-22 11:23:00","2022-09-22 11:23:00"
"16","MMR001","MMR001D004","MMR001016","Machanbaw","မချမ်းဘော",NULL,NULL,"1","2022-09-22 11:23:00","2022-09-22 11:23:00"
"17","MMR001","MMR001D004","MMR001017","Nawngmun","နောင်မွန်း",NULL,NULL,"1","2022-09-22 11:23:00","2022-09-22 11:23:00"
"18","MMR001","MMR001D004","MMR001018","Khaunglanhpu","ခေါင်လန်ဖူး",NULL,NULL,"1","2022-09-22 11:23:00","2022-09-22 11:23:00"
"19","MMR002","MMR002D001","MMR002001","Loikaw","လွိုင်ကော်",NULL,NULL,"1","2022-09-22 11:23:00","2022-09-22 11:23:00"
"20","MMR002","MMR002D001","MMR002002","Demoso","ဒီးမော့ဆို",NULL,NULL,"1","2022-09-22 11:23:00","2022-09-22 11:23:00"
"21","MMR002","MMR002D001","MMR002003","Hpruso","ဖရူဆို",NULL,NULL,"1","2022-09-22 11:23:00","2022-09-22 11:23:00"
"22","MMR002","MMR002D001","MMR002004","Shadaw","ရှားတော",NULL,NULL,"1","2022-09-22 11:23:00","2022-09-22 11:23:00"
"23","MMR002","MMR002D002","MMR002005","Bawlake","ဘောလခဲ",NULL,NULL,"1","2022-09-22 11:23:00","2022-09-22 11:23:00"
"24","MMR002","MMR002D002","MMR002006","Hpasawng","ဖားဆောင်း",NULL,NULL,"1","2022-09-22 11:23:00","2022-09-22 11:23:00"
"25","MMR002","MMR002D002","MMR002007","Mese","မယ်စဲ",NULL,NULL,"1","2022-09-22 11:23:00","2022-09-22 11:23:00"
"26","MMR003","MMR003D001","MMR003001","Hpa-An","ဘားအံ",NULL,NULL,"1","2022-09-22 11:23:00","2022-09-22 11:23:00"
"27","MMR003","MMR003D001","MMR003002","Hlaingbwe","လှိုင်းဘွဲ့",NULL,NULL,"1","2022-09-22 11:23:00","2022-09-22 11:23:00"
"28","MMR003","MMR003D004","MMR003003","Hpapun","ဖာပွန်",NULL,NULL,"1","2022-09-22 11:23:00","2022-09-22 11:23:00"
"29","MMR003","MMR003D001","MMR003004","Thandaunggyi","သံတောင်ကြီး",NULL,NULL,"1","2022-09-22 11:23:00","2022-09-22 11:23:00"
"30","MMR003","MMR003D002","MMR003005","Myawaddy","မြဝတီ",NULL,NULL,"1","2022-09-22 11:23:00","2022-09-22 11:23:00"
"31","MMR003","MMR003D003","MMR003006","Kawkareik","ကော့ကရိတ်",NULL,NULL,"1","2022-09-22 11:23:00","2022-09-22 11:23:00"
"32","MMR003","MMR003D003","MMR003007","Kyainseikgyi","ကြာအင်းဆိပ်ကြီး",NULL,NULL,"1","2022-09-22 11:23:00","2022-09-22 11:23:00"
"33","MMR004","MMR004D001","MMR004001","Falam","ဖလမ်း",NULL,NULL,"1","2022-09-22 11:23:00","2022-09-22 11:23:00"
"34","MMR004","MMR004D003","MMR004002","Hakha","ဟားခါး",NULL,NULL,"1","2022-09-22 11:23:00","2022-09-22 11:23:00"
"35","MMR004","MMR004D003","MMR004003","Thantlang","ထန်တလန်",NULL,NULL,"1","2022-09-22 11:23:00","2022-09-22 11:23:00"
"36","MMR004","MMR004D001","MMR004004","Tedim","တီးတိန်",NULL,NULL,"1","2022-09-22 11:23:00","2022-09-22 11:23:00"
"37","MMR004","MMR004D001","MMR004005","Tonzang","တွန်းဇန်",NULL,NULL,"1","2022-09-22 11:23:00","2022-09-22 11:23:00"
"38","MMR004","MMR004D002","MMR004006","Mindat","မင်းတပ်",NULL,NULL,"1","2022-09-22 11:23:00","2022-09-22 11:23:00"
"39","MMR004","MMR004D004","MMR004007","Matupi","မတူပီ",NULL,NULL,"1","2022-09-22 11:23:00","2022-09-22 11:23:00"
"40","MMR004","MMR004D002","MMR004008","Kanpetlet","ကန်ပက်လက်",NULL,NULL,"1","2022-09-22 11:23:00","2022-09-22 11:23:00"
"41","MMR004","MMR004D004","MMR004009","Paletwa","ပလက်ဝ",NULL,NULL,"1","2022-09-22 11:23:00","2022-09-22 11:23:00"
"42","MMR005","MMR005D001","MMR005001","Sagaing","စစ်ကိုင်း",NULL,NULL,"1","2022-09-22 11:23:00","2022-09-22 11:23:00"
"43","MMR005","MMR005D001","MMR005002","Myinmu","မြင်းမူ",NULL,NULL,"1","2022-09-22 11:23:00","2022-09-22 11:23:00"
"44","MMR005","MMR005D001","MMR005003","Myaung","မြောင်",NULL,NULL,"1","2022-09-22 11:23:00","2022-09-22 11:23:00"
"45","MMR005","MMR005D002","MMR005004","Shwebo","ရွှေဘို",NULL,NULL,"1","2022-09-22 11:23:00","2022-09-22 11:23:00"
"46","MMR005","MMR005D002","MMR005005","Khin-U","ခင်ဦး",NULL,NULL,"1","2022-09-22 11:23:00","2022-09-22 11:23:00"
"47","MMR005","MMR005D002","MMR005006","Wetlet","ဝက်လက်",NULL,NULL,"1","2022-09-22 11:23:00","2022-09-22 11:23:00"
"48","MMR005","MMR005D010","MMR005007","Kanbalu","ကန့်ဘလူ",NULL,NULL,"1","2022-09-22 11:23:00","2022-09-22 11:23:00"
"49","MMR005","MMR005D010","MMR005008","Kyunhla","ကျွန်းလှ",NULL,NULL,"1","2022-09-22 11:23:00","2022-09-22 11:23:00"
"50","MMR005","MMR005D002","MMR005009","Ye-U","ရေဦး",NULL,NULL,"1","2022-09-22 11:23:00","2022-09-22 11:23:00"
"51","MMR005","MMR005D002","MMR005010","Tabayin","ဒီပဲယင်း",NULL,NULL,"1","2022-09-22 11:23:00","2022-09-22 11:23:00"
"52","MMR005","MMR005D002","MMR005011","Taze","တန့်ဆည်",NULL,NULL,"1","2022-09-22 11:23:00","2022-09-22 11:23:00"
"53","MMR005","MMR005D003","MMR005012","Monywa","မုံရွာ",NULL,NULL,"1","2022-09-22 11:23:00","2022-09-22 11:23:00"
"54","MMR005","MMR005D003","MMR005013","Budalin","ဘုတလင်",NULL,NULL,"1","2022-09-22 11:23:00","2022-09-22 11:23:00"
"55","MMR005","MMR005D003","MMR005014","Ayadaw","အရာတော်",NULL,NULL,"1","2022-09-22 11:23:00","2022-09-22 11:23:00"
"56","MMR005","MMR005D003","MMR005015","Chaung-U","ချောင်းဦး",NULL,NULL,"1","2022-09-22 11:23:00","2022-09-22 11:23:00"
"57","MMR005","MMR005D009","MMR005016","Yinmarbin","ယင်းမာပင်",NULL,NULL,"1","2022-09-22 11:23:00","2022-09-22 11:23:00"
"58","MMR005","MMR005D009","MMR005017","Kani","ကနီ",NULL,NULL,"1","2022-09-22 11:23:00","2022-09-22 11:23:00"
"59","MMR005","MMR005D009","MMR005018","Salingyi","ဆားလင်းကြီး",NULL,NULL,"1","2022-09-22 11:23:00","2022-09-22 11:23:00"
"60","MMR005","MMR005D009","MMR005019","Pale","ပုလဲ",NULL,NULL,"1","2022-09-22 11:23:00","2022-09-22 11:23:00"
"61","MMR005","MMR005D004","MMR005020","Katha","ကသာ",NULL,NULL,"1","2022-09-22 11:23:00","2022-09-22 11:23:00"
"62","MMR005","MMR005D004","MMR005021","Indaw","အင်းတော်",NULL,NULL,"1","2022-09-22 11:23:00","2022-09-22 11:23:00"
"63","MMR005","MMR005D004","MMR005022","Tigyaing","ထီးချိုင့်",NULL,NULL,"1","2022-09-22 11:23:00","2022-09-22 11:23:00"
"64","MMR005","MMR005D004","MMR005023","Banmauk","ဗန်းမောက်",NULL,NULL,"1","2022-09-22 11:23:00","2022-09-22 11:23:00"
"65","MMR005","MMR005D011","MMR005024","Kawlin","ကောလင်း",NULL,NULL,"1","2022-09-22 11:23:00","2022-09-22 11:23:00"
"66","MMR005","MMR005D011","MMR005025","Wuntho","ဝန်းသို",NULL,NULL,"1","2022-09-22 11:23:00","2022-09-22 11:23:00"
"67","MMR005","MMR005D011","MMR005026","Pinlebu","ပင်လည်ဘူး",NULL,NULL,"1","2022-09-22 11:23:00","2022-09-22 11:23:00"
"68","MMR005","MMR005D005","MMR005027","Kale","ကလေး",NULL,NULL,"1","2022-09-22 11:23:00","2022-09-22 11:23:00"
"69","MMR005","MMR005D005","MMR005028","Kalewa","ကလေးဝ",NULL,NULL,"1","2022-09-22 11:23:00","2022-09-22 11:23:00"
"70","MMR005","MMR005D005","MMR005029","Mingin","မင်းကင်း",NULL,NULL,"1","2022-09-22 11:23:00","2022-09-22 11:23:00"
"71","MMR005","MMR005D006","MMR005030","Tamu","တမူး",NULL,NULL,"1","2022-09-22 11:23:00","2022-09-22 11:23:00"
"72","MMR005","MMR005D007","MMR005031","Mawlaik","မော်လိုက်",NULL,NULL,"1","2022-09-22 11:23:00","2022-09-22 11:23:00"
"73","MMR005","MMR005D007","MMR005032","Paungbyin","ဖောင်းပြင်",NULL,NULL,"1","2022-09-22 11:23:00","2022-09-22 11:23:00"
"74","MMR005","MMR005D008","MMR005033","Hkamti","ခန္တီး",NULL,NULL,"1","2022-09-22 11:23:00","2022-09-22 11:23:00"
"75","MMR005","MMR005D008","MMR005034","Homalin","ဟုမ္မလင်း",NULL,NULL,"1","2022-09-22 11:23:00","2022-09-22 11:23:00"
"76","MMR005","MMR005D008","MMR005035","Lay Shi","လေရှီး",NULL,NULL,"1","2022-09-22 11:23:00","2022-09-22 11:23:00"
"77","MMR005","MMR005D008","MMR005036","Lahe","လဟယ်",NULL,NULL,"1","2022-09-22 11:23:00","2022-09-22 11:23:00"
"78","MMR005","MMR005D008","MMR005037","Nanyun","နန်းယွန်း",NULL,NULL,"1","2022-09-22 11:23:00","2022-09-22 11:23:00"
"79","MMR006","MMR006D001","MMR006001","Dawei","ထားဝယ်",NULL,NULL,"1","2022-09-22 11:23:00","2022-09-22 11:23:00"
"80","MMR006","MMR006D001","MMR006002","Launglon","လောင်းလုံး",NULL,NULL,"1","2022-09-22 11:23:00","2022-09-22 11:23:00"
"81","MMR006","MMR006D001","MMR006003","Thayetchaung","သရက်ချောင်း",NULL,NULL,"1","2022-09-22 11:23:00","2022-09-22 11:23:00"
"82","MMR006","MMR006D001","MMR006004","Yebyu","ရေဖြူ",NULL,NULL,"1","2022-09-22 11:23:00","2022-09-22 11:23:00"
"83","MMR006","MMR006D002","MMR006005","Myeik","မြိတ်",NULL,NULL,"1","2022-09-22 11:23:00","2022-09-22 11:23:00"
"84","MMR006","MMR006D002","MMR006006","Kyunsu","ကျွန်းစု",NULL,NULL,"1","2022-09-22 11:23:00","2022-09-22 11:23:00"
"85","MMR006","MMR006D002","MMR006007","Palaw","ပုလော",NULL,NULL,"1","2022-09-22 11:23:00","2022-09-22 11:23:00"
"86","MMR006","MMR006D002","MMR006008","Tanintharyi","တနင်္သာရီ",NULL,NULL,"1","2022-09-22 11:23:00","2022-09-22 11:23:00"
"87","MMR006","MMR006D003","MMR006009","Kawthoung","ကော့သောင်း",NULL,NULL,"1","2022-09-22 11:23:00","2022-09-22 11:23:00"
"88","MMR006","MMR006D003","MMR006010","Bokpyin","ဘုတ်ပြင်း",NULL,NULL,"1","2022-09-22 11:23:00","2022-09-22 11:23:00"
"89","MMR007","MMR007D001","MMR007001","Bago","ပဲခူး",NULL,NULL,"1","2022-09-22 11:23:00","2022-09-22 11:23:00"
"90","MMR007","MMR007D001","MMR007002","Thanatpin","သနပ်ပင်",NULL,NULL,"1","2022-09-22 11:23:00","2022-09-22 11:23:00"
"91","MMR007","MMR007D001","MMR007003","Kawa","ကဝ",NULL,NULL,"1","2022-09-22 11:23:00","2022-09-22 11:23:00"
"92","MMR007","MMR007D001","MMR007004","Waw","ဝေါ",NULL,NULL,"1","2022-09-22 11:23:00","2022-09-22 11:23:00"
"93","MMR007","MMR007D001","MMR007005","Nyaunglebin","ညောင်လေးပင်",NULL,NULL,"1","2022-09-22 11:23:00","2022-09-22 11:23:00"
"94","MMR007","MMR007D001","MMR007006","Kyauktaga","ကျောက်တံခါး",NULL,NULL,"1","2022-09-22 11:23:00","2022-09-22 11:23:00"
"95","MMR007","MMR007D001","MMR007007","Daik-U","ဒိုက်ဦး",NULL,NULL,"1","2022-09-22 11:23:00","2022-09-22 11:23:00"
"96","MMR007","MMR007D001","MMR007008","Shwegyin","ရွှေကျင်",NULL,NULL,"1","2022-09-22 11:23:00","2022-09-22 11:23:00"
"97","MMR007","MMR007D002","MMR007009","Taungoo","တောင်ငူ",NULL,NULL,"1","2022-09-22 11:23:00","2022-09-22 11:23:00"
"98","MMR007","MMR007D002","MMR007010","Yedashe","ရေတာရှည်",NULL,NULL,"1","2022-09-22 11:23:00","2022-09-22 11:23:00"
"99","MMR007","MMR007D002","MMR007011","Kyaukkyi","ကျောက်ကြီး",NULL,NULL,"1","2022-09-22 11:23:00","2022-09-22 11:23:00"
"100","MMR007","MMR007D002","MMR007012","Phyu","ဖြူး",NULL,NULL,"1","2022-09-22 11:23:00","2022-09-22 11:23:00"
"101","MMR007","MMR007D002","MMR007013","Oktwin","အုတ်တွင်း",NULL,NULL,"1","2022-09-22 11:23:00","2022-09-22 11:23:00"
"102","MMR007","MMR007D002","MMR007014","Htantabin","ထန်းတပင်",NULL,NULL,"1","2022-09-22 11:23:00","2022-09-22 11:23:00"
"103","MMR008","MMR008D001","MMR008001","Pyay","ပြည်",NULL,NULL,"1","2022-09-22 11:23:00","2022-09-22 11:23:00"
"104","MMR008","MMR008D001","MMR008002","Paukkhaung","ပေါက်ခေါင်း",NULL,NULL,"1","2022-09-22 11:23:00","2022-09-22 11:23:00"
"105","MMR008","MMR008D001","MMR008003","Padaung","ပန်းတောင်း",NULL,NULL,"1","2022-09-22 11:23:00","2022-09-22 11:23:00"
"106","MMR008","MMR008D001","MMR008004","Paungde","ပေါင်းတည်",NULL,NULL,"1","2022-09-22 11:23:00","2022-09-22 11:23:00"
"107","MMR008","MMR008D001","MMR008005","Thegon","သဲကုန်း",NULL,NULL,"1","2022-09-22 11:23:00","2022-09-22 11:23:00"
"108","MMR008","MMR008D001","MMR008006","Shwedaung","ရွှေတောင်",NULL,NULL,"1","2022-09-22 11:23:00","2022-09-22 11:23:00"
"109","MMR008","MMR008D002","MMR008007","Thayarwady","သာယာဝတီ",NULL,NULL,"1","2022-09-22 11:23:00","2022-09-22 11:23:00"
"110","MMR008","MMR008D002","MMR008008","Letpadan","လက်ပံတန်း",NULL,NULL,"1","2022-09-22 11:23:00","2022-09-22 11:23:00"
"111","MMR008","MMR008D002","MMR008009","Minhla","မင်းလှ",NULL,NULL,"1","2022-09-22 11:23:00","2022-09-22 11:23:00"
"112","MMR008","MMR008D002","MMR008010","Okpho","အုတ်ဖို",NULL,NULL,"1","2022-09-22 11:23:00","2022-09-22 11:23:00"
"113","MMR008","MMR008D002","MMR008011","Zigon","ဇီးကုန်း",NULL,NULL,"1","2022-09-22 11:23:00","2022-09-22 11:23:00"
"114","MMR008","MMR008D002","MMR008012","Nattalin","နတ်တလင်း",NULL,NULL,"1","2022-09-22 11:23:00","2022-09-22 11:23:00"
"115","MMR008","MMR008D002","MMR008013","Monyo","မိုးညို",NULL,NULL,"1","2022-09-22 11:23:00","2022-09-22 11:23:00"
"116","MMR008","MMR008D002","MMR008014","Gyobingauk","ကြို့ပင်ကောက်",NULL,NULL,"1","2022-09-22 11:23:00","2022-09-22 11:23:00"
"117","MMR009","MMR009D001","MMR009001","Magway","မကွေး",NULL,NULL,"1","2022-09-22 11:23:00","2022-09-22 11:23:00"
"118","MMR009","MMR009D001","MMR009002","Yenangyaung","ရေနံချောင်း",NULL,NULL,"1","2022-09-22 11:23:00","2022-09-22 11:23:00"
"119","MMR009","MMR009D001","MMR009003","Chauk","ချောက်",NULL,NULL,"1","2022-09-22 11:23:00","2022-09-22 11:23:00"
"120","MMR009","MMR009D001","MMR009004","Taungdwingyi","တောင်တွင်းကြီး",NULL,NULL,"1","2022-09-22 11:23:00","2022-09-22 11:23:00"
"121","MMR009","MMR009D001","MMR009005","Myothit","မြို့သစ်",NULL,NULL,"1","2022-09-22 11:23:00","2022-09-22 11:23:00"
"122","MMR009","MMR009D001","MMR009006","Natmauk","နတ်မောက်",NULL,NULL,"1","2022-09-22 11:23:00","2022-09-22 11:23:00"
"123","MMR009","MMR009D002","MMR009007","Minbu","မင်းဘူး",NULL,NULL,"1","2022-09-22 11:23:00","2022-09-22 11:23:00"
"124","MMR009","MMR009D002","MMR009008","Pwintbyu","ပွင့်ဖြူ",NULL,NULL,"1","2022-09-22 11:23:00","2022-09-22 11:23:00"
"125","MMR009","MMR009D002","MMR009009","Ngape","ငဖဲ",NULL,NULL,"1","2022-09-22 11:23:00","2022-09-22 11:23:00"
"126","MMR009","MMR009D002","MMR009010","Salin","စလင်း",NULL,NULL,"1","2022-09-22 11:23:00","2022-09-22 11:23:00"
"127","MMR009","MMR009D002","MMR009011","Sidoktaya","စေတုတ္ထရာ",NULL,NULL,"1","2022-09-22 11:23:00","2022-09-22 11:23:00"
"128","MMR009","MMR009D003","MMR009012","Thayet","သရက်",NULL,NULL,"1","2022-09-22 11:23:00","2022-09-22 11:23:00"
"129","MMR009","MMR009D003","MMR009013","Minhla","မင်းလှ",NULL,NULL,"1","2022-09-22 11:23:00","2022-09-22 11:23:00"
"130","MMR009","MMR009D003","MMR009014","Mindon","မင်းတုန်း",NULL,NULL,"1","2022-09-22 11:23:00","2022-09-22 11:23:00"
"131","MMR009","MMR009D003","MMR009015","Kamma","ကံမ",NULL,NULL,"1","2022-09-22 11:23:00","2022-09-22 11:23:00"
"132","MMR009","MMR009D003","MMR009016","Aunglan","အောင်လံ",NULL,NULL,"1","2022-09-22 11:23:00","2022-09-22 11:23:00"
"133","MMR009","MMR009D003","MMR009017","Sinbaungwe","ဆင်ပေါင်ဝဲ",NULL,NULL,"1","2022-09-22 11:23:00","2022-09-22 11:23:00"
"134","MMR009","MMR009D004","MMR009018","Pakokku","ပခုက္ကူ",NULL,NULL,"1","2022-09-22 11:23:00","2022-09-22 11:23:00"
"135","MMR009","MMR009D004","MMR009019","Yesagyo","ရေစကြို",NULL,NULL,"1","2022-09-22 11:23:00","2022-09-22 11:23:00"
"136","MMR009","MMR009D004","MMR009020","Myaing","မြိုင်",NULL,NULL,"1","2022-09-22 11:23:00","2022-09-22 11:23:00"
"137","MMR009","MMR009D004","MMR009021","Pauk","ပေါက်",NULL,NULL,"1","2022-09-22 11:23:00","2022-09-22 11:23:00"
"138","MMR009","MMR009D004","MMR009022","Seikphyu","ဆိပ်ဖြူ",NULL,NULL,"1","2022-09-22 11:23:00","2022-09-22 11:23:00"
"139","MMR009","MMR009D005","MMR009023","Gangaw","ဂန့်ဂေါ",NULL,NULL,"1","2022-09-22 11:23:00","2022-09-22 11:23:00"
"140","MMR009","MMR009D005","MMR009024","Tilin","ထီးလင်း",NULL,NULL,"1","2022-09-22 11:23:00","2022-09-22 11:23:00"
"141","MMR009","MMR009D005","MMR009025","Saw","ဆော",NULL,NULL,"1","2022-09-22 11:23:00","2022-09-22 11:23:00"
"142","MMR010","MMR010D001","MMR010001","Aungmyaythazan","အောင်မြေသာစံ",NULL,NULL,"1","2022-09-22 11:23:00","2022-09-22 11:23:00"
"143","MMR010","MMR010D001","MMR010002","Chanayethazan","ချမ်းအေးသာစံ",NULL,NULL,"1","2022-09-22 11:23:00","2022-09-22 11:23:00"
"144","MMR010","MMR010D001","MMR010003","Mahaaungmyay","မဟာအောင်မြေ",NULL,NULL,"1","2022-09-22 11:23:00","2022-09-22 11:23:00"
"145","MMR010","MMR010D001","MMR010004","Chanmyathazi","ချမ်းမြသာစည်",NULL,NULL,"1","2022-09-22 11:23:00","2022-09-22 11:23:00"
"146","MMR010","MMR010D001","MMR010005","Pyigyitagon","ပြည်ကြီးတံခွန်",NULL,NULL,"1","2022-09-22 11:23:00","2022-09-22 11:23:00"
"147","MMR010","MMR010D001","MMR010006","Amarapura","အမရပူရ",NULL,NULL,"1","2022-09-22 11:23:00","2022-09-22 11:23:00"
"148","MMR010","MMR010D001","MMR010007","Patheingyi","ပုသိမ်ကြီး",NULL,NULL,"1","2022-09-22 11:23:00","2022-09-22 11:23:00"
"149","MMR010","MMR010D002","MMR010008","Pyinoolwin","ပြင်ဦးလွင်",NULL,NULL,"1","2022-09-22 11:23:00","2022-09-22 11:23:00"
"150","MMR010","MMR010D002","MMR010009","Madaya","မတ္တရာ",NULL,NULL,"1","2022-09-22 11:23:00","2022-09-22 11:23:00"
"151","MMR010","MMR010D002","MMR010010","Singu","စဉ့်ကူး",NULL,NULL,"1","2022-09-22 11:23:00","2022-09-22 11:23:00"
"152","MMR010","MMR010D002","MMR010011","Mogoke","မိုးကုတ်",NULL,NULL,"1","2022-09-22 11:23:00","2022-09-22 11:23:00"
"153","MMR010","MMR010D002","MMR010012","Thabeikkyin","သပိတ်ကျင်း",NULL,NULL,"1","2022-09-22 11:23:00","2022-09-22 11:23:00"
"154","MMR010","MMR010D003","MMR010013","Kyaukse","ကျောက်ဆည်",NULL,NULL,"1","2022-09-22 11:23:00","2022-09-22 11:23:00"
"155","MMR010","MMR010D003","MMR010014","Sintgaing","စဉ့်ကိုင်",NULL,NULL,"1","2022-09-22 11:23:00","2022-09-22 11:23:00"
"156","MMR010","MMR010D003","MMR010015","Myittha","မြစ်သား",NULL,NULL,"1","2022-09-22 11:23:00","2022-09-22 11:23:00"
"157","MMR010","MMR010D003","MMR010016","Tada-U","တံတားဦး",NULL,NULL,"1","2022-09-22 11:23:00","2022-09-22 11:23:00"
"158","MMR010","MMR010D004","MMR010017","Myingyan","မြင်းခြံ",NULL,NULL,"1","2022-09-22 11:23:00","2022-09-22 11:23:00"
"159","MMR010","MMR010D004","MMR010018","Taungtha","တောင်သာ",NULL,NULL,"1","2022-09-22 11:23:00","2022-09-22 11:23:00"
"160","MMR010","MMR010D004","MMR010019","Natogyi","နွားထိုးကြီး",NULL,NULL,"1","2022-09-22 11:23:00","2022-09-22 11:23:00"
"161","MMR010","MMR010D005","MMR010020","Kyaukpadaung","ကျောက်ပန်းတောင်း",NULL,NULL,"1","2022-09-22 11:23:00","2022-09-22 11:23:00"
"162","MMR010","MMR010D004","MMR010021","Ngazun","ငါန်းဇွန်",NULL,NULL,"1","2022-09-22 11:23:00","2022-09-22 11:23:00"
"163","MMR010","MMR010D005","MMR010022","Nyaung-U","ညောင်ဦး",NULL,NULL,"1","2022-09-22 11:23:00","2022-09-22 11:23:00"
"164","MMR010","MMR010D006","MMR010023","Yamethin","ရမည်းသင်း",NULL,NULL,"1","2022-09-22 11:23:00","2022-09-22 11:23:00"
"165","MMR010","MMR010D006","MMR010024","Pyawbwe","ပျော်ဘွယ်",NULL,NULL,"1","2022-09-22 11:23:00","2022-09-22 11:23:00"
"166","MMR010","MMR010D007","MMR010028","Meiktila","မိတ္ထီလာ",NULL,NULL,"1","2022-09-22 11:23:00","2022-09-22 11:23:00"
"167","MMR010","MMR010D007","MMR010029","Mahlaing","မလှိုင်",NULL,NULL,"1","2022-09-22 11:23:00","2022-09-22 11:23:00"
"168","MMR010","MMR010D007","MMR010030","Thazi","သာစည်",NULL,NULL,"1","2022-09-22 11:23:00","2022-09-22 11:23:00"
"169","MMR010","MMR010D007","MMR010031","Wundwin","ဝမ်းတွင်း",NULL,NULL,"1","2022-09-22 11:23:00","2022-09-22 11:23:00"
"170","MMR011","MMR011D001","MMR011001","Mawlamyine","မော်လမြိုင်",NULL,NULL,"1","2022-09-22 11:23:00","2022-09-22 11:23:00"
"171","MMR011","MMR011D001","MMR011002","Kyaikmaraw","ကျိုက်မရော",NULL,NULL,"1","2022-09-22 11:23:00","2022-09-22 11:23:00"
"172","MMR011","MMR011D001","MMR011003","Chaungzon","ချောင်းဆုံ",NULL,NULL,"1","2022-09-22 11:23:00","2022-09-22 11:23:00"
"173","MMR011","MMR011D001","MMR011004","Thanbyuzayat","သံဖြူဇရပ်",NULL,NULL,"1","2022-09-22 11:23:00","2022-09-22 11:23:00"
"174","MMR011","MMR011D001","MMR011005","Mudon","မုဒုံ",NULL,NULL,"1","2022-09-22 11:23:00","2022-09-22 11:23:00"
"175","MMR011","MMR011D001","MMR011006","Ye","ရေး",NULL,NULL,"1","2022-09-22 11:23:00","2022-09-22 11:23:00"
"176","MMR011","MMR011D002","MMR011007","Thaton","သထုံ",NULL,NULL,"1","2022-09-22 11:23:00","2022-09-22 11:23:00"
"177","MMR011","MMR011D002","MMR011008","Paung","ပေါင်",NULL,NULL,"1","2022-09-22 11:23:00","2022-09-22 11:23:00"
"178","MMR011","MMR011D002","MMR011009","Kyaikto","ကျိုက်ထို",NULL,NULL,"1","2022-09-22 11:23:00","2022-09-22 11:23:00"
"179","MMR011","MMR011D002","MMR011010","Bilin","ဘီးလင်း",NULL,NULL,"1","2022-09-22 11:23:00","2022-09-22 11:23:00"
"180","MMR012","MMR012D001","MMR012001","Sittwe","စစ်တွေ",NULL,NULL,"1","2022-09-22 11:23:00","2022-09-22 11:23:00"
"181","MMR012","MMR012D001","MMR012002","Ponnagyun","ပုဏ္ဏားကျွန်း",NULL,NULL,"1","2022-09-22 11:23:00","2022-09-22 11:23:00"
"182","MMR012","MMR012D005","MMR012003","Mrauk-U","မြောက်ဦး",NULL,NULL,"1","2022-09-22 11:23:00","2022-09-22 11:23:00"
"183","MMR012","MMR012D005","MMR012004","Kyauktaw","ကျောက်တော်",NULL,NULL,"1","2022-09-22 11:23:00","2022-09-22 11:23:00"
"184","MMR012","MMR012D005","MMR012005","Minbya","မင်းပြား",NULL,NULL,"1","2022-09-22 11:23:00","2022-09-22 11:23:00"
"185","MMR012","MMR012D005","MMR012006","Myebon","မြေပုံ",NULL,NULL,"1","2022-09-22 11:23:00","2022-09-22 11:23:00"
"186","MMR012","MMR012D001","MMR012007","Pauktaw","ပေါက်တော",NULL,NULL,"1","2022-09-22 11:23:00","2022-09-22 11:23:00"
"187","MMR012","MMR012D001","MMR012008","Rathedaung","ရသေ့တောင်",NULL,NULL,"1","2022-09-22 11:23:00","2022-09-22 11:23:00"
"188","MMR012","MMR012D002","MMR012009","Maungdaw","မောင်တော",NULL,NULL,"1","2022-09-22 11:23:00","2022-09-22 11:23:00"
"189","MMR012","MMR012D002","MMR012010","Buthidaung","ဘူးသီးတောင်",NULL,NULL,"1","2022-09-22 11:23:00","2022-09-22 11:23:00"
"190","MMR012","MMR012D003","MMR012011","Kyaukpyu","ကျောက်ဖြူ",NULL,NULL,"1","2022-09-22 11:23:00","2022-09-22 11:23:00"
"191","MMR012","MMR012D003","MMR012012","Munaung","မာန်အောင်",NULL,NULL,"1","2022-09-22 11:23:00","2022-09-22 11:23:00"
"192","MMR012","MMR012D003","MMR012013","Ramree","ရမ်းဗြဲ",NULL,NULL,"1","2022-09-22 11:23:00","2022-09-22 11:23:00"
"193","MMR012","MMR012D003","MMR012014","Ann","အမ်း",NULL,NULL,"1","2022-09-22 11:23:00","2022-09-22 11:23:00"
"194","MMR012","MMR012D004","MMR012015","Thandwe","သံတွဲ",NULL,NULL,"1","2022-09-22 11:23:00","2022-09-22 11:23:00"
"195","MMR012","MMR012D004","MMR012016","Toungup","တောင်ကုတ်",NULL,NULL,"1","2022-09-22 11:23:00","2022-09-22 11:23:00"
"196","MMR012","MMR012D004","MMR012017","Gwa","ဂွ",NULL,NULL,"1","2022-09-22 11:23:00","2022-09-22 11:23:00"
"197","MMR013","MMR013D001","MMR013001","Insein","အင်းစိန်",NULL,NULL,"1","2022-09-22 11:23:00","2022-09-22 11:23:00"
"198","MMR013","MMR013D001","MMR013002","Mingaladon","မင်္ဂလာဒုံ",NULL,NULL,"1","2022-09-22 11:23:00","2022-09-22 11:23:00"
"199","MMR013","MMR013D001","MMR013003","Hmawbi","မှော်ဘီ",NULL,NULL,"1","2022-09-22 11:23:00","2022-09-22 11:23:00"
"200","MMR013","MMR013D001","MMR013004","Hlegu","လှည်းကူး",NULL,NULL,"1","2022-09-22 11:23:00","2022-09-22 11:23:00"
"201","MMR013","MMR013D001","MMR013005","Taikkyi","တိုက်ကြီး",NULL,NULL,"1","2022-09-22 11:23:00","2022-09-22 11:23:00"
"202","MMR013","MMR013D001","MMR013006","Htantabin","ထန်းတပင်",NULL,NULL,"1","2022-09-22 11:23:00","2022-09-22 11:23:00"
"203","MMR013","MMR013D001","MMR013007","Shwepyithar","ရွှေပြည်သာ",NULL,NULL,"1","2022-09-22 11:23:00","2022-09-22 11:23:00"
"204","MMR013","MMR013D001","MMR013008","Hlaingtharya","လှိုင်သာယာ",NULL,NULL,"1","2022-09-22 11:23:00","2022-09-22 11:23:00"
"205","MMR013","MMR013D002","MMR013009","Thingangyun","သင်္ဃန်းကျွန်း",NULL,NULL,"1","2022-09-22 11:23:00","2022-09-22 11:23:00"
"206","MMR013","MMR013D002","MMR013010","Yankin","ရန်ကင်း",NULL,NULL,"1","2022-09-22 11:23:00","2022-09-22 11:23:00"
"207","MMR013","MMR013D002","MMR013011","South Okkalapa","တောင်ဥက္ကလာပ",NULL,NULL,"1","2022-09-22 11:23:00","2022-09-22 11:23:00"
"208","MMR013","MMR013D002","MMR013012","North Okkalapa","မြောက်ဥက္ကလာပ",NULL,NULL,"1","2022-09-22 11:23:00","2022-09-22 11:23:00"
"209","MMR013","MMR013D002","MMR013013","Thaketa","သာကေတ",NULL,NULL,"1","2022-09-22 11:23:00","2022-09-22 11:23:00"
"210","MMR013","MMR013D002","MMR013014","Dawbon","ဒေါပုံ",NULL,NULL,"1","2022-09-22 11:23:00","2022-09-22 11:23:00"
"211","MMR013","MMR013D002","MMR013015","Tamwe","တာမွေ",NULL,NULL,"1","2022-09-22 11:23:00","2022-09-22 11:23:00"
"212","MMR013","MMR013D002","MMR013016","Pazundaung","ပုဇွန်တောင်",NULL,NULL,"1","2022-09-22 11:23:00","2022-09-22 11:23:00"
"213","MMR013","MMR013D002","MMR013017","Botahtaung","ဗိုလ်တထောင်",NULL,NULL,"1","2022-09-22 11:23:00","2022-09-22 11:23:00"
"214","MMR013","MMR013D002","MMR013018","Dagon Myothit (South)","ဒဂုံမြို့သစ် (တောင်ပိုင်း)",NULL,NULL,"1","2022-09-22 11:23:00","2022-09-22 11:23:00"
"215","MMR013","MMR013D002","MMR013019","Dagon Myothit (North)","ဒဂုံမြို့သစ် (မြောက်ပိုင်း)",NULL,NULL,"1","2022-09-22 11:23:00","2022-09-22 11:23:00"
"216","MMR013","MMR013D002","MMR013020","Dagon Myothit (East)","ဒဂုံမြို့သစ် (အရှေ့ပိုင်း)",NULL,NULL,"1","2022-09-22 11:23:00","2022-09-22 11:23:00"
"217","MMR013","MMR013D002","MMR013021","Dagon Myothit (Seikkan)","ဒဂုံမြို့သစ် (ဆိပ်ကမ်း)",NULL,NULL,"1","2022-09-22 11:23:00","2022-09-22 11:23:00"
"218","MMR013","MMR013D002","MMR013022","Mingalartaungnyunt","မင်္ဂလာတောင်ညွန့်",NULL,NULL,"1","2022-09-22 11:23:00","2022-09-22 11:23:00"
"219","MMR013","MMR013D003","MMR013023","Thanlyin","သန်လျင်",NULL,NULL,"1","2022-09-22 11:23:00","2022-09-22 11:23:00"
"220","MMR013","MMR013D003","MMR013024","Kyauktan","ကျောက်တန်း",NULL,NULL,"1","2022-09-22 11:23:00","2022-09-22 11:23:00"
"221","MMR013","MMR013D003","MMR013025","Thongwa","သုံးခွ",NULL,NULL,"1","2022-09-22 11:23:00","2022-09-22 11:23:00"
"222","MMR013","MMR013D003","MMR013026","Kayan","ခရမ်း",NULL,NULL,"1","2022-09-22 11:23:00","2022-09-22 11:23:00"
"223","MMR013","MMR013D003","MMR013027","Twantay","တွံတေး",NULL,NULL,"1","2022-09-22 11:23:00","2022-09-22 11:23:00"
"224","MMR013","MMR013D003","MMR013028","Kawhmu","ကော့မှုး",NULL,NULL,"1","2022-09-22 11:23:00","2022-09-22 11:23:00"
"225","MMR013","MMR013D003","MMR013029","Kungyangon","ကွမ်းခြံကုန်း",NULL,NULL,"1","2022-09-22 11:23:00","2022-09-22 11:23:00"
"226","MMR013","MMR013D003","MMR013030","Dala","ဒလ",NULL,NULL,"1","2022-09-22 11:23:00","2022-09-22 11:23:00"
"227","MMR013","MMR013D003","MMR013031","Seikgyikanaungto","ဆိပ်ကြီး/ခနောင်တို",NULL,NULL,"1","2022-09-22 11:23:00","2022-09-22 11:23:00"
"228","MMR013","MMR013D003","MMR013032","Cocokyun","ကိုကိုးကျွန်း",NULL,NULL,"1","2022-09-22 11:23:00","2022-09-22 11:23:00"
"229","MMR013","MMR013D004","MMR013033","Kyauktada","ကျောက်တံတား",NULL,NULL,"1","2022-09-22 11:23:00","2022-09-22 11:23:00"
"230","MMR013","MMR013D004","MMR013034","Pabedan","ပန်းဘဲတန်း",NULL,NULL,"1","2022-09-22 11:23:00","2022-09-22 11:23:00"
"231","MMR013","MMR013D004","MMR013035","Lanmadaw","လမ်းမတော်",NULL,NULL,"1","2022-09-22 11:23:00","2022-09-22 11:23:00"
"232","MMR013","MMR013D004","MMR013036","Latha","လသာ",NULL,NULL,"1","2022-09-22 11:23:00","2022-09-22 11:23:00"
"233","MMR013","MMR013D004","MMR013037","Ahlone","အလုံ",NULL,NULL,"1","2022-09-22 11:23:00","2022-09-22 11:23:00"
"234","MMR013","MMR013D004","MMR013038","Kyeemyindaing","ကြည့်မြင်တိုင်",NULL,NULL,"1","2022-09-22 11:23:00","2022-09-22 11:23:00"
"235","MMR013","MMR013D004","MMR013039","Sanchaung","စမ်းချောင်း",NULL,NULL,"1","2022-09-22 11:23:00","2022-09-22 11:23:00"
"236","MMR013","MMR013D004","MMR013040","Hlaing","လှိုင်",NULL,NULL,"1","2022-09-22 11:23:00","2022-09-22 11:23:00"
"237","MMR013","MMR013D004","MMR013041","Kamaryut","ကမာရွတ်",NULL,NULL,"1","2022-09-22 11:23:00","2022-09-22 11:23:00"
"238","MMR013","MMR013D004","MMR013042","Mayangone","မရမ်းကုန်း",NULL,NULL,"1","2022-09-22 11:23:00","2022-09-22 11:23:00"
"239","MMR013","MMR013D004","MMR013043","Dagon","ဒဂုံ",NULL,NULL,"1","2022-09-22 11:23:00","2022-09-22 11:23:00"
"240","MMR013","MMR013D004","MMR013044","Bahan","ဗဟန်း",NULL,NULL,"1","2022-09-22 11:23:00","2022-09-22 11:23:00"
"241","MMR013","MMR013D004","MMR013045","Seikkan","ဆိပ်ကမ်း",NULL,NULL,"1","2022-09-22 11:23:00","2022-09-22 11:23:00"
"242","MMR014","MMR014D001","MMR014001","Taunggyi","တောင်ကြီး",NULL,NULL,"1","2022-09-22 11:23:00","2022-09-22 11:23:00"
"243","MMR014","MMR014D001","MMR014002","Nyaungshwe","ညောင်ရွှေ",NULL,NULL,"1","2022-09-22 11:23:00","2022-09-22 11:23:00"
"244","MMR014","MMR014D001","MMR014003","Hopong","ဟိုပုံး",NULL,NULL,"1","2022-09-22 11:23:00","2022-09-22 11:23:00"
"245","MMR014","MMR014D001","MMR014004","Hsihseng","ဆီဆိုင်",NULL,NULL,"1","2022-09-22 11:23:00","2022-09-22 11:23:00"
"246","MMR014","MMR014D001","MMR014005","Kalaw","ကလော",NULL,NULL,"1","2022-09-22 11:23:00","2022-09-22 11:23:00"
"247","MMR014","MMR014D001","MMR014006","Pindaya","ပင်းတယ",NULL,NULL,"1","2022-09-22 11:23:00","2022-09-22 11:23:00"
"248","MMR014","MMR014D001","MMR014007","Ywangan","ရွာငံ",NULL,NULL,"1","2022-09-22 11:23:00","2022-09-22 11:23:00"
"249","MMR014","MMR014D001","MMR014008","Lawksawk","ရပ်စောက်",NULL,NULL,"1","2022-09-22 11:23:00","2022-09-22 11:23:00"
"250","MMR014","MMR014D001","MMR014009","Pinlaung","ပင်လောင်း",NULL,NULL,"1","2022-09-22 11:23:00","2022-09-22 11:23:00"
"251","MMR014","MMR014D001","MMR014010","Pekon","ဖယ်ခုံ",NULL,NULL,"1","2022-09-22 11:23:00","2022-09-22 11:23:00"
"252","MMR014","MMR014D002","MMR014011","Loilen","လွိုင်လင်",NULL,NULL,"1","2022-09-22 11:23:00","2022-09-22 11:23:00"
"253","MMR014","MMR014D002","MMR014012","Laihka","လဲချား",NULL,NULL,"1","2022-09-22 11:23:00","2022-09-22 11:23:00"
"254","MMR014","MMR014D002","MMR014013","Nansang","နမ့်စန်",NULL,NULL,"1","2022-09-22 11:23:00","2022-09-22 11:23:00"
"255","MMR014","MMR014D002","MMR014014","Kunhing","ကွန်ဟိန်း",NULL,NULL,"1","2022-09-22 11:23:00","2022-09-22 11:23:00"
"256","MMR014","MMR014D002","MMR014015","Kyethi","ကျေးသီး",NULL,NULL,"1","2022-09-22 11:23:00","2022-09-22 11:23:00"
"257","MMR014","MMR014D002","MMR014016","Mongkaing","မိုင်းကိုင်",NULL,NULL,"1","2022-09-22 11:23:00","2022-09-22 11:23:00"
"258","MMR014","MMR014D002","MMR014017","Monghsu","မိုင်းရှူး",NULL,NULL,"1","2022-09-22 11:23:00","2022-09-22 11:23:00"
"259","MMR014","MMR014D003","MMR014018","Langkho","လင်းခေး",NULL,NULL,"1","2022-09-22 11:23:00","2022-09-22 11:23:00"
"260","MMR014","MMR014D003","MMR014019","Mongnai","မိုးနဲ",NULL,NULL,"1","2022-09-22 11:23:00","2022-09-22 11:23:00"
"261","MMR014","MMR014D003","MMR014020","Mawkmai","မောက်မယ်",NULL,NULL,"1","2022-09-22 11:23:00","2022-09-22 11:23:00"
"262","MMR014","MMR014D003","MMR014021","Mongpan","မိုင်းပန်",NULL,NULL,"1","2022-09-22 11:23:00","2022-09-22 11:23:00"
"263","MMR015","MMR015D001","MMR015001","Lashio","လားရှိုး",NULL,NULL,"1","2022-09-22 11:23:00","2022-09-22 11:23:00"
"264","MMR015","MMR015D001","MMR015002","Hseni","သိန္နီ",NULL,NULL,"1","2022-09-22 11:23:00","2022-09-22 11:23:00"
"265","MMR015","MMR015D001","MMR015003","Mongyai","မိုင်းရယ်",NULL,NULL,"1","2022-09-22 11:23:00","2022-09-22 11:23:00"
"266","MMR015","MMR015D001","MMR015004","Tangyan","တန့်ယန်း",NULL,NULL,"1","2022-09-22 11:23:00","2022-09-22 11:23:00"
"267","MMR015","MMR015D007","MMR015005","Pangsang (Panghkam)","ပန်ဆန်း (ပန်ခမ်း)",NULL,NULL,"1","2022-09-22 11:23:00","2022-09-22 11:23:00"
"268","MMR015","MMR015D007","MMR015006","Narphan","နားဖန်း",NULL,NULL,"1","2022-09-22 11:23:00","2022-09-22 11:23:00"
"269","MMR015","MMR015D006","MMR015007","Pangwaun","ပန်ဝိုင်",NULL,NULL,"1","2022-09-22 11:23:00","2022-09-22 11:23:00"
"270","MMR015","MMR015D006","MMR015008","Mongmao","မိုင်းမော",NULL,NULL,"1","2022-09-22 11:23:00","2022-09-22 11:23:00"
"271","MMR015","MMR015D002","MMR015009","Muse","မူဆယ်",NULL,NULL,"1","2022-09-22 11:23:00","2022-09-22 11:23:00"
"272","MMR015","MMR015D002","MMR015010","Namhkan","နမ့်ခမ်း",NULL,NULL,"1","2022-09-22 11:23:00","2022-09-22 11:23:00"
"273","MMR015","MMR015D002","MMR015011","Kutkai","ကွတ်ခိုင်",NULL,NULL,"1","2022-09-22 11:23:00","2022-09-22 11:23:00"
"274","MMR015","MMR015D003","MMR015012","Kyaukme","ကျောက်မဲ",NULL,NULL,"1","2022-09-22 11:23:00","2022-09-22 11:23:00"
"275","MMR015","MMR015D003","MMR015013","Nawnghkio","နောင်ချို",NULL,NULL,"1","2022-09-22 11:23:00","2022-09-22 11:23:00"
"276","MMR015","MMR015D003","MMR015014","Hsipaw","သီပေါ",NULL,NULL,"1","2022-09-22 11:23:00","2022-09-22 11:23:00"
"277","MMR015","MMR015D003","MMR015015","Namtu","နမ္မတူ",NULL,NULL,"1","2022-09-22 11:23:00","2022-09-22 11:23:00"
"278","MMR015","MMR015D003","MMR015016","Namhsan","နမ့်ဆန်",NULL,NULL,"1","2022-09-22 11:23:00","2022-09-22 11:23:00"
"279","MMR015","MMR015D008","MMR015017","Mongmit","မိုးမိတ်",NULL,NULL,"1","2022-09-22 11:23:00","2022-09-22 11:23:00"
"280","MMR015","MMR015D008","MMR015018","Mabein","မဘိမ်း",NULL,NULL,"1","2022-09-22 11:23:00","2022-09-22 11:23:00"
"281","MMR015","MMR015D003","MMR015019","Manton","မန်တုံ",NULL,NULL,"1","2022-09-22 11:23:00","2022-09-22 11:23:00"
"282","MMR015","MMR015D001","MMR015020","Kunlong","ကွမ်းလုံ",NULL,NULL,"1","2022-09-22 11:23:00","2022-09-22 11:23:00"
"283","MMR015","MMR015D006","MMR015021","Hopang","ဟိုပန်",NULL,NULL,"1","2022-09-22 11:23:00","2022-09-22 11:23:00"
"284","MMR015","MMR015D005","MMR015022","Laukkaing","လောက်ကိုင်",NULL,NULL,"1","2022-09-22 11:23:00","2022-09-22 11:23:00"
"285","MMR015","MMR015D005","MMR015023","Konkyan","ကုန်းကြမ်း",NULL,NULL,"1","2022-09-22 11:23:00","2022-09-22 11:23:00"
"286","MMR015","MMR015D007","MMR015024","Matman","မက်မန်း",NULL,NULL,"1","2022-09-22 11:23:00","2022-09-22 11:23:00"
"287","MMR015","MMR015D221","MMR015201","Konkyan (Kokang SAZ)","ကုန်းကြမ်း (အထူးဒေသ ၁)",NULL,NULL,"1","2022-09-22 11:23:00","2022-09-22 11:23:00"
"288","MMR015","MMR015D221","MMR015202","Laukkaing (Kokang SAZ)","လောက်ကိုင် (အထူးဒေသ ၁)",NULL,NULL,"1","2022-09-22 11:23:00","2022-09-22 11:23:00"
"289","MMR015","MMR015D221","MMR015203","Chinshwehaw Sub-township (Kokang SAZ)","ချင်းရွှေဟော်မြို့နယ်ခွဲ (အထူးဒေသ ၁)",NULL,NULL,"1","2022-09-22 11:23:00","2022-09-22 11:23:00"
"290","MMR015","MMR015D331","MMR015301","Nam Tit","နမ့် တစ်",NULL,NULL,"1","2022-09-22 11:23:00","2022-09-22 11:23:00"
"291","MMR015","MMR015D331","MMR015302","Nar Wee (Na Wi)","နာဝီး",NULL,NULL,"1","2022-09-22 11:23:00","2022-09-22 11:23:00"
"292","MMR015","MMR015D331","MMR015303","Man Tun","မန်တွန်း",NULL,NULL,"1","2022-09-22 11:23:00","2022-09-22 11:23:00"
"293","MMR015","MMR015D331","MMR015304","Kawng Min Hsang","ကောင်မင်ဆန်း",NULL,NULL,"1","2022-09-22 11:23:00","2022-09-22 11:23:00"
"294","MMR015","MMR015D331","MMR015305","Hsawng Hpa (Saun Pha)","ဆောင်ဖ",NULL,NULL,"1","2022-09-22 11:23:00","2022-09-22 11:23:00"
"295","MMR015","MMR015D331","MMR015306","Hkun Mar (Hkwin Ma)","ခွန်းမား",NULL,NULL,"1","2022-09-22 11:23:00","2022-09-22 11:23:00"
"296","MMR015","MMR015D331","MMR015307","Long Htan","လုံထန်",NULL,NULL,"1","2022-09-22 11:23:00","2022-09-22 11:23:00"
"297","MMR015","MMR015D331","MMR015308","Yawng Lin","ယောင်လင်း",NULL,NULL,"1","2022-09-22 11:23:00","2022-09-22 11:23:00"
"298","MMR015","MMR015D331","MMR015309","Lin Haw","လင်ဟော်",NULL,NULL,"1","2022-09-22 11:23:00","2022-09-22 11:23:00"
"299","MMR015","MMR015D331","MMR015310","Ka Lawng Hpar","ကလောင်ဖါ",NULL,NULL,"1","2022-09-22 11:23:00","2022-09-22 11:23:00"
"300","MMR015","MMR015D331","MMR015311","Aik Chan (Ai' Chun)","အိုက်ချန်",NULL,NULL,"1","2022-09-22 11:23:00","2022-09-22 11:23:00"
"301","MMR015","MMR015D331","MMR015312","Yin Pang","ရင်ဖန့်",NULL,NULL,"1","2022-09-22 11:23:00","2022-09-22 11:23:00"
"302","MMR015","MMR015D332","MMR015313","Man Man Hseng","မန်မန်ဆိုင်",NULL,NULL,"1","2022-09-22 11:23:00","2022-09-22 11:23:00"
"303","MMR015","MMR015D332","MMR015314","Nawng Hkit","နောင်ခစ်",NULL,NULL,"1","2022-09-22 11:23:00","2022-09-22 11:23:00"
"304","MMR015","MMR015D332","MMR015315","Nam Hkam Wu","နမ်ခမ်းဝူး",NULL,NULL,"1","2022-09-22 11:23:00","2022-09-22 11:23:00"
"305","MMR015","MMR015D332","MMR015316","Nar Kawng","နားကောင်",NULL,NULL,"1","2022-09-22 11:23:00","2022-09-22 11:23:00"
"306","MMR015","MMR015D332","MMR015317","Pang Hkam","ပန်ခမ့်",NULL,NULL,"1","2022-09-22 11:23:00","2022-09-22 11:23:00"
"307","MMR015","MMR015D332","MMR015318","Pang Yang","ပန်ယန်း",NULL,NULL,"1","2022-09-22 11:23:00","2022-09-22 11:23:00"
"308","MMR016","MMR016D001","MMR016001","Kengtung","ကျိုင်းတုံ",NULL,NULL,"1","2022-09-22 11:23:00","2022-09-22 11:23:00"
"309","MMR016","MMR016D001","MMR016002","Mongkhet","မိုင်းခတ်",NULL,NULL,"1","2022-09-22 11:23:00","2022-09-22 11:23:00"
"310","MMR016","MMR016D001","MMR016003","Mongyang","မိုင်းယန်း",NULL,NULL,"1","2022-09-22 11:23:00","2022-09-22 11:23:00"
"311","MMR016","MMR016D001","MMR016005","Mongla","မိုင်းလား",NULL,NULL,"1","2022-09-22 11:23:00","2022-09-22 11:23:00"
"312","MMR016","MMR016D002","MMR016006","Monghsat","မိုင်းဆတ်",NULL,NULL,"1","2022-09-22 11:23:00","2022-09-22 11:23:00"
"313","MMR016","MMR016D001","MMR016007","Mongping","မိုင်းပျဉ်း",NULL,NULL,"1","2022-09-22 11:23:00","2022-09-22 11:23:00"
"314","MMR016","MMR016D002","MMR016008","Mongton","မိုင်းတုံ",NULL,NULL,"1","2022-09-22 11:23:00","2022-09-22 11:23:00"
"315","MMR016","MMR016D003","MMR016009","Tachileik","တာချီလိတ်",NULL,NULL,"1","2022-09-22 11:23:00","2022-09-22 11:23:00"
"316","MMR016","MMR016D003","MMR016010","Monghpyak","မိုင်းဖြတ်",NULL,NULL,"1","2022-09-22 11:23:00","2022-09-22 11:23:00"
"317","MMR016","MMR016D003","MMR016011","Mongyawng","မိုင်းယောင်း",NULL,NULL,"1","2022-09-22 11:23:00","2022-09-22 11:23:00"
"318","MMR016","MMR016D333","MMR016319","Mong Hpen","မိုင်းဖျန်",NULL,NULL,"1","2022-09-22 11:23:00","2022-09-22 11:23:00"
"319","MMR016","MMR016D333","MMR016320","Ho Tawng (Ho Tao)","ဟိုတောင်း",NULL,NULL,"1","2022-09-22 11:23:00","2022-09-22 11:23:00"
"320","MMR016","MMR016D333","MMR016321","Mong Pawk","မိုင်းပေါက်",NULL,NULL,"1","2022-09-22 11:23:00","2022-09-22 11:23:00"
"321","MMR016","MMR016D333","MMR016322","Mong Kar","မိုင်းကာ",NULL,NULL,"1","2022-09-22 11:23:00","2022-09-22 11:23:00"
"322","MMR016","MMR016D333","MMR016323","Nam Hpai","နမ့်ဖိုင်",NULL,NULL,"1","2022-09-22 11:23:00","2022-09-22 11:23:00"
"323","MMR017","MMR017D001","MMR017001","Pathein","ပုသိမ်",NULL,NULL,"1","2022-09-22 11:23:00","2022-09-22 11:23:00"
"324","MMR017","MMR017D001","MMR017002","Kangyidaunt","ကန်ကြီးထောင့်",NULL,NULL,"1","2022-09-22 11:23:00","2022-09-22 11:23:00"
"325","MMR017","MMR017D001","MMR017003","Thabaung","သာပေါင်း",NULL,NULL,"1","2022-09-22 11:23:00","2022-09-22 11:23:00"
"326","MMR017","MMR017D001","MMR017004","Ngapudaw","ငပုတော",NULL,NULL,"1","2022-09-22 11:23:00","2022-09-22 11:23:00"
"327","MMR017","MMR017D001","MMR017005","Kyonpyaw","ကျုံပျော်",NULL,NULL,"1","2022-09-22 11:23:00","2022-09-22 11:23:00"
"328","MMR017","MMR017D001","MMR017006","Yegyi","ရေကြည်",NULL,NULL,"1","2022-09-22 11:23:00","2022-09-22 11:23:00"
"329","MMR017","MMR017D001","MMR017007","Kyaunggon","ကျောင်းကုန်း",NULL,NULL,"1","2022-09-22 11:23:00","2022-09-22 11:23:00"
"330","MMR017","MMR017D002","MMR017008","Hinthada","ဟင်္သာတ",NULL,NULL,"1","2022-09-22 11:23:00","2022-09-22 11:23:00"
"331","MMR017","MMR017D002","MMR017009","Zalun","ဇလွန်",NULL,NULL,"1","2022-09-22 11:23:00","2022-09-22 11:23:00"
"332","MMR017","MMR017D002","MMR017010","Lemyethna","လေးမျက်နှာ",NULL,NULL,"1","2022-09-22 11:23:00","2022-09-22 11:23:00"
"333","MMR017","MMR017D002","MMR017011","Myanaung","မြန်အောင်",NULL,NULL,"1","2022-09-22 11:23:00","2022-09-22 11:23:00"
"334","MMR017","MMR017D002","MMR017012","Kyangin","ကြံခင်း",NULL,NULL,"1","2022-09-22 11:23:00","2022-09-22 11:23:00"
"335","MMR017","MMR017D002","MMR017013","Ingapu","အင်္ဂပူ",NULL,NULL,"1","2022-09-22 11:23:00","2022-09-22 11:23:00"
"336","MMR017","MMR017D003","MMR017014","Myaungmya","မြောင်းမြ",NULL,NULL,"1","2022-09-22 11:23:00","2022-09-22 11:23:00"
"337","MMR017","MMR017D003","MMR017015","Einme","အိမ်မဲ",NULL,NULL,"1","2022-09-22 11:23:00","2022-09-22 11:23:00"
"338","MMR017","MMR017D004","MMR017016","Labutta","လပွတ္တာ",NULL,NULL,"1","2022-09-22 11:23:00","2022-09-22 11:23:00"
"339","MMR017","MMR017D003","MMR017017","Wakema","ဝါးခယ်မ",NULL,NULL,"1","2022-09-22 11:23:00","2022-09-22 11:23:00"
"340","MMR017","MMR017D004","MMR017018","Mawlamyinegyun","မော်လမြိုင်ကျွန်း",NULL,NULL,"1","2022-09-22 11:23:00","2022-09-22 11:23:00"
"341","MMR017","MMR017D005","MMR017019","Maubin","မအူပင်",NULL,NULL,"1","2022-09-22 11:23:00","2022-09-22 11:23:00"
"342","MMR017","MMR017D005","MMR017020","Pantanaw","ပန်းတနော်",NULL,NULL,"1","2022-09-22 11:23:00","2022-09-22 11:23:00"
"343","MMR017","MMR017D005","MMR017021","Nyaungdon","ညောင်တုန်း",NULL,NULL,"1","2022-09-22 11:23:00","2022-09-22 11:23:00"
"344","MMR017","MMR017D005","MMR017022","Danubyu","ဓနုဖြူ",NULL,NULL,"1","2022-09-22 11:23:00","2022-09-22 11:23:00"
"345","MMR017","MMR017D006","MMR017023","Pyapon","ဖျာပုံ",NULL,NULL,"1","2022-09-22 11:23:00","2022-09-22 11:23:00"
"346","MMR017","MMR017D006","MMR017024","Bogale","ဘိုကလေး",NULL,NULL,"1","2022-09-22 11:23:00","2022-09-22 11:23:00"
"347","MMR017","MMR017D006","MMR017025","Kyaiklat","ကျိုက်လတ်",NULL,NULL,"1","2022-09-22 11:23:00","2022-09-22 11:23:00"
"348","MMR017","MMR017D006","MMR017026","Dedaye","ဒေးဒရဲ",NULL,NULL,"1","2022-09-22 11:23:00","2022-09-22 11:23:00"
"349","MMR018","MMR018D001","MMR018001","Zay Yar Thi Ri","ဇေယျာသီရိ",NULL,NULL,"1","2022-09-22 11:23:00","2022-09-22 11:23:00"
"350","MMR018","MMR018D002","MMR018002","Za Bu Thi Ri","ဇမ္ဗူသီရိ",NULL,NULL,"1","2022-09-22 11:23:00","2022-09-22 11:23:00"
"351","MMR018","MMR018D001","MMR018003","Tatkon","တပ်ကုန်း",NULL,NULL,"1","2022-09-22 11:23:00","2022-09-22 11:23:00"
"352","MMR018","MMR018D002","MMR018004","Det Khi Na Thi Ri","ဒက္ခိဏသီရိ",NULL,NULL,"1","2022-09-22 11:23:00","2022-09-22 11:23:00"
"353","MMR018","MMR018D001","MMR018005","Poke Ba Thi Ri","ပုဗ္ဗသီရိ",NULL,NULL,"1","2022-09-22 11:23:00","2022-09-22 11:23:00"
"354","MMR018","MMR018D002","MMR018006","Pyinmana","ပျဉ်းမနား",NULL,NULL,"1","2022-09-22 11:23:00","2022-09-22 11:23:00"
"355","MMR018","MMR018D002","MMR018007","Lewe","လယ်ဝေး",NULL,NULL,"1","2022-09-22 11:23:00","2022-09-22 11:23:00"
"356","MMR018","MMR018D001","MMR018008","Oke Ta Ra Thi Ri","ဥတ္တရသီရိ",NULL,NULL,"1","2022-09-22 11:23:00","2022-09-22 11:23:00"
